HDJ4602036	WP_123090655	pbp4
WP_043044695	WP_123090655	pbp4
HBI0807073	WP_123090655	pbp4
HAR4459350	WP_123090655	pbp4
HBC4012121	WP_123090655	pbp4
HBC7289170	WP_123090655	pbp4
EML5394114	WP_123090655	pbp4
HCT9032108	WP_123090655	pbp4
HCT3765298	WP_123090655	pbp4
HCT7959066	WP_123090655	pbp4
HCT5318736	WP_123090655	pbp4
HCT4654198	WP_123090655	pbp4
HCT4647709	WP_123090655	pbp4
HCV1992176	WP_123090655	pbp4
HCV1733685	WP_123090655	pbp4
HCV3269101	WP_123090655	pbp4
HCV2086301	WP_123090655	pbp4
HCV7107267	WP_123090655	pbp4
HCV1046545	WP_123090655	pbp4
HCV1283585	WP_123090655	pbp4
HCV4588214	WP_123090655	pbp4
HCV2986826	WP_123090655	pbp4
HCV0653292	WP_123090655	pbp4
HCV4345633	WP_123090655	pbp4
HCV3642785	WP_123090655	pbp4
HCV3601820	WP_123090655	pbp4
HCV2189503	WP_123090655	pbp4
HCV3473154	WP_123090655	pbp4
HCV2659270	WP_123090655	pbp4
HCV0304880	WP_123090655	pbp4
HCV0281810	WP_123090655	pbp4
HCV0272264	WP_123090655	pbp4
HCV3383509	WP_123090655	pbp4
HCV2608915	WP_123090655	pbp4
HCV2736584	WP_123090655	pbp4
HCV0085823	WP_123090655	pbp4
HCU9865858	WP_123090655	pbp4
HCU9625229	WP_123090655	pbp4
HCU9564565	WP_123090655	pbp4
HCV2967516	WP_123090655	pbp4
HCW9498287	WP_123090655	pbp4
HCW7682448	WP_123090655	pbp4
HCW7502320	WP_123090655	pbp4
HCW7448970	WP_123090655	pbp4
HCW7638570	WP_123090655	pbp4
HCW7293284	WP_123090655	pbp4
HCW7234363	WP_123090655	pbp4
HCX1646519	WP_123090655	pbp4
HCX9377530	WP_123090655	pbp4
HCY0825590	WP_123090655	pbp4
HCY0614835	WP_123090655	pbp4
HCY3037114	WP_123090655	pbp4
HCY1882565	WP_123090655	pbp4
HCY8893866	WP_123090655	pbp4
HCY8624197	WP_123090655	pbp4
HCY8331657	WP_123090655	pbp4
HCY7819036	WP_123090655	pbp4
HCY7813264	WP_123090655	pbp4
HCY7658352	WP_123090655	pbp4
HCY6904967	WP_123090655	pbp4
HCY6715617	WP_123090655	pbp4
HCY6103865	WP_123090655	pbp4
HCZ9746531	WP_123090655	pbp4
HDA8048035	WP_123090655	pbp4
HDA7957360	WP_123090655	pbp4
HDA7888431	WP_123090655	pbp4
HDA7686358	WP_123090655	pbp4
HDA7654493	WP_123090655	pbp4
HDA7629968	WP_123090655	pbp4
HDA7482700	WP_123090655	pbp4
HDA7413635	WP_123090655	pbp4
HDA7175434	WP_123090655	pbp4
HDA7168149	WP_123090655	pbp4
HDA6542114	WP_123090655	pbp4
HDA6457817	WP_123090655	pbp4
HDA2859495	WP_123090655	pbp4
HDA2574995	WP_123090655	pbp4
HDC6614947	WP_123090655	pbp4
HDC6278100	WP_123090655	pbp4
HDC7603107	WP_123090655	pbp4
HDC9638324	WP_123090655	pbp4
HDC9577775	WP_123090655	pbp4
HDC9618768	WP_123090655	pbp4
HDC9554770	WP_123090655	pbp4
HDC9481037	WP_123090655	pbp4
HDC9447980	WP_123090655	pbp4
HDC7568050	WP_123090655	pbp4
HDC7559310	WP_123090655	pbp4
HDC8048616	WP_123090655	pbp4
HDD1003630	WP_123090655	pbp4
HDG9749428	WP_123090655	pbp4
HDG9509744	WP_123090655	pbp4
HDG9306862	WP_123090655	pbp4
HDD6941066	WP_123090655	pbp4
HDD6943069	WP_123090655	pbp4
HDD6785306	WP_123090655	pbp4
HDD6182938	WP_123090655	pbp4
HDE0852936	WP_123090655	pbp4
HDE0309767	WP_123090655	pbp4
HDE0842228	WP_123090655	pbp4
HDE0299251	WP_123090655	pbp4
HDE0833497	WP_123090655	pbp4
HDE0836446	WP_123090655	pbp4
HDE0241565	WP_123090655	pbp4
HDG0341256	WP_123090655	pbp4
HDF9766317	WP_123090655	pbp4
HDF9665457	WP_123090655	pbp4
HDF8444309	WP_123090655	pbp4
HDF6921426	WP_123090655	pbp4
HDG5369347	WP_123090655	pbp4
HDI1133304	WP_123090655	pbp4
HDI1114085	WP_123090655	pbp4
HDI1094047	WP_123090655	pbp4
HDI1099224	WP_123090655	pbp4
HDI1065036	WP_123090655	pbp4
HDI1018881	WP_123090655	pbp4
HDI1008056	WP_123090655	pbp4
HDI1000023	WP_123090655	pbp4
HDI0151333	WP_123090655	pbp4
HDI0178835	WP_123090655	pbp4
HDI0145205	WP_123090655	pbp4
HDI1004026	WP_123090655	pbp4
HDI0943220	WP_123090655	pbp4
HDI0940420	WP_123090655	pbp4
HDI0876129	WP_123090655	pbp4
HDI0864070	WP_123090655	pbp4
HDI0856035	WP_123090655	pbp4
HDI0337594	WP_123090655	pbp4
HDI0325899	WP_123090655	pbp4
HDI0130443	WP_123090655	pbp4
HDI0139008	WP_123090655	pbp4
HDI0287080	WP_123090655	pbp4
HDJ2891637	WP_123090655	pbp4
HDJ2931725	WP_123090655	pbp4
HDJ2810483	WP_123090655	pbp4
HDJ2819732	WP_123090655	pbp4
HDJ2924113	WP_123090655	pbp4
HDJ3239497	WP_123090655	pbp4
HDJ4634087	WP_123090655	pbp4
HDJ4628722	WP_123090655	pbp4
HDK5198201	WP_123090655	pbp4
HDK5171182	WP_123090655	pbp4
HDL0552124	WP_123090655	pbp4
HDM8859844	WP_123090655	pbp4
HDM8849242	WP_123090655	pbp4
HDM8809281	WP_123090655	pbp4
HDM8800391	WP_123090655	pbp4
HDP1989581	WP_123090655	pbp4
HDP6381010	WP_123090655	pbp4
HDR8686482	WP_123090655	pbp4
HDZ7726916	WP_123090655	pbp4
HEJ0727536	WP_123090655	pbp4
HEJ0702407	WP_123090655	pbp4
HEJ0675109	WP_123090655	pbp4
HDZ7585107	WP_123090655	pbp4
HEJ0490173	WP_123090655	pbp4
HDZ7510684	WP_123090655	pbp4
HEI9013510	WP_123090655	pbp4
HEI7648993	WP_123090655	pbp4
HEI7502557	WP_123090655	pbp4
HDZ5816977	WP_123090655	pbp4
HDZ5747281	WP_123090655	pbp4
HDZ5763906	WP_123090655	pbp4
HEI7365231	WP_123090655	pbp4
HDZ5475726	WP_123090655	pbp4
HEI6334805	WP_123090655	pbp4
EMN0676467	WP_123090655	pbp4
HDX1771964	WP_123090655	pbp4
HDY4614469	WP_123090655	pbp4
HDY4444578	WP_123090655	pbp4
HEA4947077	WP_123090655	pbp4
HEK7120086	WP_123090655	pbp4
HEK6757409	WP_123090655	pbp4
HEK7020438	WP_123090655	pbp4
WP_103146374	WP_123090655	pbp4
HAR7065516	WP_123090655	pbp4
HAR7063006	WP_123090655	pbp4
HAR7049039	WP_123090655	pbp4
HAR7037429	WP_123090655	pbp4
HAR7016195	WP_123090655	pbp4
HAR7002927	WP_123090655	pbp4
HAR7006271	WP_123090655	pbp4
HAR6983959	WP_123090655	pbp4
HAR6975982	WP_123090655	pbp4
HAR6965714	WP_123090655	pbp4
HAR6944863	WP_123090655	pbp4
HAR6943888	WP_123090655	pbp4
HAR6950311	WP_123090655	pbp4
HAR6927861	WP_123090655	pbp4
HAR6905283	WP_123090655	pbp4
HAR6892912	WP_123090655	pbp4
HAR4821420	WP_123090655	pbp4
HBE8303057	WP_123090655	pbp4
HBG9448077	WP_123090655	pbp4
WP_216814095	WP_123090655	pbp4
HBN6343189	WP_123090655	pbp4
HBN6329683	WP_123090655	pbp4
HCD8235553	WP_123090655	pbp4
HCG2669176	WP_123090655	pbp4
HCQ2072602	WP_123090655	pbp4
HCT2148505	WP_123090655	pbp4
HCT9090449	WP_123090655	pbp4
HCT2659866	WP_123090655	pbp4
HCT6725282	WP_123090655	pbp4
HCU7260286	WP_123090655	pbp4
HCU9987260	WP_123090655	pbp4
HCU9454395	WP_123090655	pbp4
HCU9412963	WP_123090655	pbp4
HCU9343941	WP_123090655	pbp4
HCU9329039	WP_123090655	pbp4
HCU9847148	WP_123090655	pbp4
HCU9237472	WP_123090655	pbp4
HCU9807383	WP_123090655	pbp4
HCU9106105	WP_123090655	pbp4
HCU9037168	WP_123090655	pbp4
HCU9005284	WP_123090655	pbp4
HCU8985998	WP_123090655	pbp4
HCU8940631	WP_123090655	pbp4
HCU8896022	WP_123090655	pbp4
HCU8914283	WP_123090655	pbp4
HCU8870688	WP_123090655	pbp4
HCU8790507	WP_123090655	pbp4
HCU8749128	WP_123090655	pbp4
HCU9797903	WP_123090655	pbp4
HCU8711469	WP_123090655	pbp4
HCU9770970	WP_123090655	pbp4
HCU8492131	WP_123090655	pbp4
HCU8204895	WP_123090655	pbp4
HCU8166272	WP_123090655	pbp4
HCU8038808	WP_123090655	pbp4
HDI4364145	WP_123090655	pbp4
HDI5541433	WP_123090655	pbp4
HDI5503513	WP_123090655	pbp4
HDI4330801	WP_123090655	pbp4
HCU8296597	WP_123090655	pbp4
HCU8271643	WP_123090655	pbp4
HCU7992414	WP_123090655	pbp4
HCU7942311	WP_123090655	pbp4
HCU7930967	WP_123090655	pbp4
HCU7909289	WP_123090655	pbp4
HCU7879037	WP_123090655	pbp4
HCU7665191	WP_123090655	pbp4
HCU7588466	WP_123090655	pbp4
HCU7530713	WP_123090655	pbp4
HCU7498306	WP_123090655	pbp4
HCU7451962	WP_123090655	pbp4
HCU7379755	WP_123090655	pbp4
HCU7384182	WP_123090655	pbp4
HCU7176910	WP_123090655	pbp4
HCU7145730	WP_123090655	pbp4
HCU7113401	WP_123090655	pbp4
HCU7060834	WP_123090655	pbp4
HCU7049466	WP_123090655	pbp4
HCW8970307	WP_123090655	pbp4
HCX1903056	WP_123090655	pbp4
HCX1655246	WP_123090655	pbp4
HCX1587014	WP_123090655	pbp4
HCX1251509	WP_123090655	pbp4
HCX1244254	WP_123090655	pbp4
HCX0819498	WP_123090655	pbp4
HCX0817406	WP_123090655	pbp4
HCX0731128	WP_123090655	pbp4
HCY6043955	WP_123090655	pbp4
HCZ0929341	WP_123090655	pbp4
HCZ0620408	WP_123090655	pbp4
HCZ0472586	WP_123090655	pbp4
HCZ0558925	WP_123090655	pbp4
HDA6034865	WP_123090655	pbp4
HDA6009674	WP_123090655	pbp4
HDA5993321	WP_123090655	pbp4
HDA5919161	WP_123090655	pbp4
HDA5872450	WP_123090655	pbp4
HDA5665763	WP_123090655	pbp4
HDA5617510	WP_123090655	pbp4
HDA5584969	WP_123090655	pbp4
HDA5540930	WP_123090655	pbp4
HDA5357217	WP_123090655	pbp4
HDA5269080	WP_123090655	pbp4
HDA5240163	WP_123090655	pbp4
HDA5159518	WP_123090655	pbp4
HDC2814151	WP_123090655	pbp4
HDA5109568	WP_123090655	pbp4
HDA5107833	WP_123090655	pbp4
HDA5072966	WP_123090655	pbp4
HDA5024596	WP_123090655	pbp4
HDA5014646	WP_123090655	pbp4
HDA4975105	WP_123090655	pbp4
HDA4980128	WP_123090655	pbp4
HDA4993233	WP_123090655	pbp4
HDC2802534	WP_123090655	pbp4
HDA4858678	WP_123090655	pbp4
HDA4847200	WP_123090655	pbp4
HDA4838327	WP_123090655	pbp4
HDA4642683	WP_123090655	pbp4
HDA4589351	WP_123090655	pbp4
HDA4571405	WP_123090655	pbp4
HDA4490091	WP_123090655	pbp4
HDA4511043	WP_123090655	pbp4
HDA4515687	WP_123090655	pbp4
HDA4382074	WP_123090655	pbp4
HDA4379264	WP_123090655	pbp4
HDA4299104	WP_123090655	pbp4
HDA4211444	WP_123090655	pbp4
HDA4205152	WP_123090655	pbp4
HDA4226730	WP_123090655	pbp4
HDA3913437	WP_123090655	pbp4
HDA3907667	WP_123090655	pbp4
HDA3904680	WP_123090655	pbp4
HDA3912526	WP_123090655	pbp4
HDA3901822	WP_123090655	pbp4
HDA3898831	WP_123090655	pbp4
HDA3927952	WP_123090655	pbp4
HDA3855152	WP_123090655	pbp4
HDA3859467	WP_123090655	pbp4
HDA3864015	WP_123090655	pbp4
HDA3868146	WP_123090655	pbp4
HDA3808652	WP_123090655	pbp4
HDA3511396	WP_123090655	pbp4
HDA3500345	WP_123090655	pbp4
HDA3496103	WP_123090655	pbp4
HDA3494787	WP_123090655	pbp4
HDA3458750	WP_123090655	pbp4
HDA3446822	WP_123090655	pbp4
HDA3398797	WP_123090655	pbp4
HDA3463926	WP_123090655	pbp4
HDA3323487	WP_123090655	pbp4
HDA3270654	WP_123090655	pbp4
HDA3239870	WP_123090655	pbp4
HDA3197281	WP_123090655	pbp4
HDA3069356	WP_123090655	pbp4
HDA2977930	WP_123090655	pbp4
HDA2982636	WP_123090655	pbp4
HDA2969553	WP_123090655	pbp4
HDA2947855	WP_123090655	pbp4
HDA2954825	WP_123090655	pbp4
HDA2881401	WP_123090655	pbp4
HDA1898839	WP_123090655	pbp4
HDA1878337	WP_123090655	pbp4
HDA1941740	WP_123090655	pbp4
HDA2247574	WP_123090655	pbp4
HDA2098198	WP_123090655	pbp4
HDA1674372	WP_123090655	pbp4
HDA1563478	WP_123090655	pbp4
HDA2997797	WP_123090655	pbp4
HDA2360381	WP_123090655	pbp4
HDA1519677	WP_123090655	pbp4
HDA1533710	WP_123090655	pbp4
HDA1458735	WP_123090655	pbp4
HDA1302055	WP_123090655	pbp4
HDA1294829	WP_123090655	pbp4
HDA1257734	WP_123090655	pbp4
HDA1254015	WP_123090655	pbp4
HDA1243921	WP_123090655	pbp4
HDA1219461	WP_123090655	pbp4
HDA1201796	WP_123090655	pbp4
HDA1117991	WP_123090655	pbp4
HDA1109416	WP_123090655	pbp4
HDA0973761	WP_123090655	pbp4
HDA0913984	WP_123090655	pbp4
HDA0887170	WP_123090655	pbp4
HDA0789209	WP_123090655	pbp4
HDA0773760	WP_123090655	pbp4
HDA0760080	WP_123090655	pbp4
HDA0753355	WP_123090655	pbp4
HDA0748853	WP_123090655	pbp4
HDA0745530	WP_123090655	pbp4
HDA0742074	WP_123090655	pbp4
HDA0563120	WP_123090655	pbp4
HDA1065219	WP_123090655	pbp4
HDA1043936	WP_123090655	pbp4
HDA1024855	WP_123090655	pbp4
HDA1002825	WP_123090655	pbp4
HDA0455661	WP_123090655	pbp4
HDA0409843	WP_123090655	pbp4
HDA0399579	WP_123090655	pbp4
HDA0391447	WP_123090655	pbp4
HDA0364828	WP_123090655	pbp4
HDA0337928	WP_123090655	pbp4
HDA0324371	WP_123090655	pbp4
HDA0313349	WP_123090655	pbp4
HDA0309012	WP_123090655	pbp4
HDA0298723	WP_123090655	pbp4
HDA0193365	WP_123090655	pbp4
HDA0207315	WP_123090655	pbp4
HDA0149962	WP_123090655	pbp4
HDA0125805	WP_123090655	pbp4
HDA0068886	WP_123090655	pbp4
HDA0010314	WP_123090655	pbp4
HCZ9965145	WP_123090655	pbp4
HCZ9937339	WP_123090655	pbp4
HDA9440611	WP_123090655	pbp4
HDA9472027	WP_123090655	pbp4
HDB7432885	WP_123090655	pbp4
HDB7286209	WP_123090655	pbp4
HDB6085917	WP_123090655	pbp4
HDB6026741	WP_123090655	pbp4
HDB7078406	WP_123090655	pbp4
HDB6421038	WP_123090655	pbp4
HDB6390825	WP_123090655	pbp4
HDC9853587	WP_123090655	pbp4
HDC9475908	WP_123090655	pbp4
HDC9462553	WP_123090655	pbp4
HDC9330447	WP_123090655	pbp4
HDC9165772	WP_123090655	pbp4
HDC8338755	WP_123090655	pbp4
HDC8332807	WP_123090655	pbp4
HDC8334046	WP_123090655	pbp4
HDC8320011	WP_123090655	pbp4
HDD8207334	WP_123090655	pbp4
HDD8184505	WP_123090655	pbp4
HDD6417713	WP_123090655	pbp4
HDD6419848	WP_123090655	pbp4
HDD6342819	WP_123090655	pbp4
HDD6340355	WP_123090655	pbp4
HDD5998484	WP_123090655	pbp4
HDD5576247	WP_123090655	pbp4
HDD5137369	WP_123090655	pbp4
HDD4460319	WP_123090655	pbp4
HDD4301526	WP_123090655	pbp4
HDD3826530	WP_123090655	pbp4
HDD3771694	WP_123090655	pbp4
HDD3589634	WP_123090655	pbp4
HDD3570332	WP_123090655	pbp4
HDD3469954	WP_123090655	pbp4
HDD3364083	WP_123090655	pbp4
HDD3237338	WP_123090655	pbp4
HDD2844002	WP_123090655	pbp4
HDD2736798	WP_123090655	pbp4
HDD2594947	WP_123090655	pbp4
HDD2257957	WP_123090655	pbp4
HDG4987306	WP_123090655	pbp4
HDG4822986	WP_123090655	pbp4
HDG4765983	WP_123090655	pbp4
HDG4701723	WP_123090655	pbp4
HDG4635314	WP_123090655	pbp4
HDG4163218	WP_123090655	pbp4
HDG4157611	WP_123090655	pbp4
HDG4056083	WP_123090655	pbp4
HDG3430220	WP_123090655	pbp4
HDG3367561	WP_123090655	pbp4
HDG3174955	WP_123090655	pbp4
HDG2722106	WP_123090655	pbp4
HDG2681548	WP_123090655	pbp4
HDG2640312	WP_123090655	pbp4
HDG2532135	WP_123090655	pbp4
HDG2512578	WP_123090655	pbp4
HDG1760196	WP_123090655	pbp4
HDG1367047	WP_123090655	pbp4
HDG1300560	WP_123090655	pbp4
HDG1250365	WP_123090655	pbp4
HDG1220835	WP_123090655	pbp4
HDF2302153	WP_123090655	pbp4
HDF2231558	WP_123090655	pbp4
HDF2234710	WP_123090655	pbp4
HDF2221916	WP_123090655	pbp4
HDF2157373	WP_123090655	pbp4
HDF2152057	WP_123090655	pbp4
HDF2137034	WP_123090655	pbp4
HDF2104930	WP_123090655	pbp4
HDF2022212	WP_123090655	pbp4
HDF2011056	WP_123090655	pbp4
HDF2005728	WP_123090655	pbp4
HDF1994146	WP_123090655	pbp4
HDF1966138	WP_123090655	pbp4
HDF1926126	WP_123090655	pbp4
HDF1916210	WP_123090655	pbp4
HDF1824226	WP_123090655	pbp4
HDF1808134	WP_123090655	pbp4
HDF1761288	WP_123090655	pbp4
HDF1738588	WP_123090655	pbp4
HDF1707043	WP_123090655	pbp4
HDF1690849	WP_123090655	pbp4
HDF1677412	WP_123090655	pbp4
HDF1600073	WP_123090655	pbp4
HDF1574707	WP_123090655	pbp4
HDF1558231	WP_123090655	pbp4
HDF1546008	WP_123090655	pbp4
HDF1505202	WP_123090655	pbp4
HDF1441208	WP_123090655	pbp4
HDF1424836	WP_123090655	pbp4
HDF1402724	WP_123090655	pbp4
HDF1405376	WP_123090655	pbp4
HDF1408477	WP_123090655	pbp4
HDF1369559	WP_123090655	pbp4
HDE5431743	WP_123090655	pbp4
HDE5424960	WP_123090655	pbp4
HDE5398372	WP_123090655	pbp4
HDE5370818	WP_123090655	pbp4
HDE5331622	WP_123090655	pbp4
HDE5329276	WP_123090655	pbp4
HDE5304708	WP_123090655	pbp4
HDE5281665	WP_123090655	pbp4
HDE5242381	WP_123090655	pbp4
HDE5163045	WP_123090655	pbp4
HDE5021523	WP_123090655	pbp4
HDE4996838	WP_123090655	pbp4
HDE4902329	WP_123090655	pbp4
HDE4739536	WP_123090655	pbp4
HDE4681809	WP_123090655	pbp4
HDE4662091	WP_123090655	pbp4
HDE4651440	WP_123090655	pbp4
HDE4634080	WP_123090655	pbp4
HDE4626005	WP_123090655	pbp4
HDE4603746	WP_123090655	pbp4
HDE4593199	WP_123090655	pbp4
HDE4528416	WP_123090655	pbp4
HDE4497327	WP_123090655	pbp4
HDE4404220	WP_123090655	pbp4
HDE3492125	WP_123090655	pbp4
HDE3184746	WP_123090655	pbp4
HDE3158795	WP_123090655	pbp4
HDF1325601	WP_123090655	pbp4
HDF1305671	WP_123090655	pbp4
HDF1303619	WP_123090655	pbp4
HDF1291130	WP_123090655	pbp4
HDF1253223	WP_123090655	pbp4
HDF1182277	WP_123090655	pbp4
HDF1125203	WP_123090655	pbp4
HDE6633556	WP_123090655	pbp4
HDE6591878	WP_123090655	pbp4
HDE6542961	WP_123090655	pbp4
HDE6506724	WP_123090655	pbp4
HDE6445351	WP_123090655	pbp4
HDE6264791	WP_123090655	pbp4
HDE4368607	WP_123090655	pbp4
HDE3381521	WP_123090655	pbp4
HDE3602797	WP_123090655	pbp4
HDE6111784	WP_123090655	pbp4
HDE4281395	WP_123090655	pbp4
HDE4193882	WP_123090655	pbp4
HDE6004459	WP_123090655	pbp4
HDE5961942	WP_123090655	pbp4
HDE3559538	WP_123090655	pbp4
HDE4991632	WP_123090655	pbp4
HDE4025621	WP_123090655	pbp4
HDE3861299	WP_123090655	pbp4
HDE3383931	WP_123090655	pbp4
HDE5797668	WP_123090655	pbp4
HDE3386360	WP_123090655	pbp4
HDE5711541	WP_123090655	pbp4
HDE3832029	WP_123090655	pbp4
HDE4111547	WP_123090655	pbp4
HDE5632981	WP_123090655	pbp4
HDE5522093	WP_123090655	pbp4
HDE4916891	WP_123090655	pbp4
HDE5500771	WP_123090655	pbp4
HDE4061940	WP_123090655	pbp4
HDF0940682	WP_123090655	pbp4
HDF0923690	WP_123090655	pbp4
HDF0834086	WP_123090655	pbp4
HDF0795588	WP_123090655	pbp4
HDF0726438	WP_123090655	pbp4
HDF0701187	WP_123090655	pbp4
HDF0678339	WP_123090655	pbp4
HDF0590380	WP_123090655	pbp4
HDF0507182	WP_123090655	pbp4
HDF0470520	WP_123090655	pbp4
HDE6986676	WP_123090655	pbp4
HDF0373458	WP_123090655	pbp4
HDE6814694	WP_123090655	pbp4
HDF0309278	WP_123090655	pbp4
HDE6789775	WP_123090655	pbp4
HDF0245842	WP_123090655	pbp4
HDF0228750	WP_123090655	pbp4
HDF0225881	WP_123090655	pbp4
HDF0150082	WP_123090655	pbp4
HDF0107068	WP_123090655	pbp4
HDE8144139	WP_123090655	pbp4
HDE7717565	WP_123090655	pbp4
HDE7566206	WP_123090655	pbp4
HDE7524950	WP_123090655	pbp4
HDE7515645	WP_123090655	pbp4
HDE7501866	WP_123090655	pbp4
HDE7478773	WP_123090655	pbp4
HDE7464815	WP_123090655	pbp4
HDE7336855	WP_123090655	pbp4
HDE7247458	WP_123090655	pbp4
HDE7156202	WP_123090655	pbp4
HDE9538473	WP_123090655	pbp4
HDE8282324	WP_123090655	pbp4
HDE8192375	WP_123090655	pbp4
HDF5512970	WP_123090655	pbp4
HDF5305440	WP_123090655	pbp4
HDF5287115	WP_123090655	pbp4
HDF5251148	WP_123090655	pbp4
HDF5238959	WP_123090655	pbp4
HDF5201756	WP_123090655	pbp4
HDF5195574	WP_123090655	pbp4
HDF5162354	WP_123090655	pbp4
HDF5087672	WP_123090655	pbp4
HDF5025039	WP_123090655	pbp4
HDF4929910	WP_123090655	pbp4
HDF3605729	WP_123090655	pbp4
HDF4691352	WP_123090655	pbp4
HDF4679693	WP_123090655	pbp4
HDF3419210	WP_123090655	pbp4
HDF3549463	WP_123090655	pbp4
HDF4566408	WP_123090655	pbp4
HDF3802896	WP_123090655	pbp4
HDF3790420	WP_123090655	pbp4
HDF4471648	WP_123090655	pbp4
HDF4477526	WP_123090655	pbp4
HDF3480452	WP_123090655	pbp4
HDF3489226	WP_123090655	pbp4
HDF3274716	WP_123090655	pbp4
HDF3463012	WP_123090655	pbp4
HDF4380496	WP_123090655	pbp4
HDF3236049	WP_123090655	pbp4
HDF4321591	WP_123090655	pbp4
HDF4235140	WP_123090655	pbp4
HDF3000494	WP_123090655	pbp4
HDF4221330	WP_123090655	pbp4
HDG0954801	WP_123090655	pbp4
HDG0964275	WP_123090655	pbp4
HDG0924356	WP_123090655	pbp4
HDG0807942	WP_123090655	pbp4
HDF7809842	WP_123090655	pbp4
HDF7427989	WP_123090655	pbp4
HDF7009773	WP_123090655	pbp4
HDF6589361	WP_123090655	pbp4
HDF6551753	WP_123090655	pbp4
HDF6813047	WP_123090655	pbp4
HDF7477910	WP_123090655	pbp4
HDF8166553	WP_123090655	pbp4
HDF7269234	WP_123090655	pbp4
HDF7823930	WP_123090655	pbp4
HDF6519815	WP_123090655	pbp4
HDF7843746	WP_123090655	pbp4
HDF7885751	WP_123090655	pbp4
HDF6678090	WP_123090655	pbp4
HDF6663370	WP_123090655	pbp4
HDF8547213	WP_123090655	pbp4
HDF6740285	WP_123090655	pbp4
HDF6714376	WP_123090655	pbp4
HDF6120338	WP_123090655	pbp4
HDF6116125	WP_123090655	pbp4
HDF6112180	WP_123090655	pbp4
HDF8103184	WP_123090655	pbp4
HDF5423263	WP_123090655	pbp4
HDF6081600	WP_123090655	pbp4
HDF7696688	WP_123090655	pbp4
HDF7220259	WP_123090655	pbp4
HDF7202249	WP_123090655	pbp4
HDF6864251	WP_123090655	pbp4
HDF8244261	WP_123090655	pbp4
HDF6016955	WP_123090655	pbp4
HDF7152079	WP_123090655	pbp4
HDF8226698	WP_123090655	pbp4
HDF6352627	WP_123090655	pbp4
HDF7552807	WP_123090655	pbp4
HDF6880335	WP_123090655	pbp4
HDF5953719	WP_123090655	pbp4
HDF5400452	WP_123090655	pbp4
HDF5919497	WP_123090655	pbp4
HDF5913900	WP_123090655	pbp4
HDF7968792	WP_123090655	pbp4
HDF5848191	WP_123090655	pbp4
HDF5840705	WP_123090655	pbp4
HDF7041911	WP_123090655	pbp4
HDF7952058	WP_123090655	pbp4
HDF5352364	WP_123090655	pbp4
HDF5846529	WP_123090655	pbp4
HDF7949600	WP_123090655	pbp4
HDF5348263	WP_123090655	pbp4
HDF8104869	WP_123090655	pbp4
HDF5338530	WP_123090655	pbp4
HDF7322022	WP_123090655	pbp4
HDF7572368	WP_123090655	pbp4
HDF5759237	WP_123090655	pbp4
HDF5767571	WP_123090655	pbp4
HDF5781962	WP_123090655	pbp4
HDF5331511	WP_123090655	pbp4
HDF7704729	WP_123090655	pbp4
HDF7296631	WP_123090655	pbp4
HDF5775430	WP_123090655	pbp4
HDH4059442	WP_123090655	pbp4
HDH4021789	WP_123090655	pbp4
HDH4013947	WP_123090655	pbp4
HDH4009325	WP_123090655	pbp4
HDH3956696	WP_123090655	pbp4
HDH2893599	WP_123090655	pbp4
HDH2292729	WP_123090655	pbp4
HDH2168671	WP_123090655	pbp4
HDH2153991	WP_123090655	pbp4
HDH9988339	WP_123090655	pbp4
HDH2131467	WP_123090655	pbp4
HDH2087958	WP_123090655	pbp4
HDH2034991	WP_123090655	pbp4
HDH1990982	WP_123090655	pbp4
HDH1884604	WP_123090655	pbp4
HDH1803806	WP_123090655	pbp4
HDH1799540	WP_123090655	pbp4
HDH1719097	WP_123090655	pbp4
HDH1715882	WP_123090655	pbp4
HDH1749196	WP_123090655	pbp4
HDH1630528	WP_123090655	pbp4
HDH1593739	WP_123090655	pbp4
HDI1197828	WP_123090655	pbp4
HDI7011261	WP_123090655	pbp4
HDI8125579	WP_123090655	pbp4
HDJ3400391	WP_123090655	pbp4
HDJ7640063	WP_123090655	pbp4
HDJ7628764	WP_123090655	pbp4
HDK8287905	WP_123090655	pbp4
HDK8206251	WP_123090655	pbp4
HDK8060586	WP_123090655	pbp4
HDK8030427	WP_123090655	pbp4
HDK7948824	WP_123090655	pbp4
HDK8198399	WP_123090655	pbp4
HDK8201291	WP_123090655	pbp4
HDK8191938	WP_123090655	pbp4
HDK8011825	WP_123090655	pbp4
HDK7976098	WP_123090655	pbp4
HDK7954925	WP_123090655	pbp4
HDK8231497	WP_123090655	pbp4
HDK7962224	WP_123090655	pbp4
HDK7972942	WP_123090655	pbp4
HDK8194559	WP_123090655	pbp4
HDK7957043	WP_123090655	pbp4
HDK8063615	WP_123090655	pbp4
HDK7934686	WP_123090655	pbp4
HDK8211720	WP_123090655	pbp4
HDK7951030	WP_123090655	pbp4
HDK7970235	WP_123090655	pbp4
HDK8228309	WP_123090655	pbp4
HDK7959236	WP_123090655	pbp4
HDK8285775	WP_123090655	pbp4
HDK7929627	WP_123090655	pbp4
HDK8068040	WP_123090655	pbp4
HDK7928009	WP_123090655	pbp4
HDK7923088	WP_123090655	pbp4
HDK7967937	WP_123090655	pbp4
HDK7932346	WP_123090655	pbp4
HDK7940452	WP_123090655	pbp4
HDK8189712	WP_123090655	pbp4
HDK7946071	WP_123090655	pbp4
HDK7943313	WP_123090655	pbp4
HDL4816974	WP_123090655	pbp4
HDL5311301	WP_123090655	pbp4
HDL4797335	WP_123090655	pbp4
HDL5002231	WP_123090655	pbp4
HDL4748697	WP_123090655	pbp4
HDL4584319	WP_123090655	pbp4
HDL4726521	WP_123090655	pbp4
HDL4737563	WP_123090655	pbp4
HDL4581725	WP_123090655	pbp4
HDZ8812980	WP_123090655	pbp4
HDS1922051	WP_123090655	pbp4
HDS1919958	WP_123090655	pbp4
HDT6328017	WP_123090655	pbp4
HDZ6361254	WP_123090655	pbp4
HEI7896745	WP_123090655	pbp4
HEC4233805	WP_123090655	pbp4
HEC4170815	WP_123090655	pbp4
HEC4196794	WP_123090655	pbp4
HEA6064822	WP_123090655	pbp4
HDY6273361	WP_123090655	pbp4
HDY6246667	WP_123090655	pbp4
HDY6227925	WP_123090655	pbp4
HDY5886689	WP_123090655	pbp4
HDY5877430	WP_123090655	pbp4
HDY5222769	WP_123090655	pbp4
HDY5146192	WP_123090655	pbp4
HDY5075473	WP_123090655	pbp4
HDY5046866	WP_123090655	pbp4
HDX8096526	WP_123090655	pbp4
HDX8085146	WP_123090655	pbp4
HDX7643411	WP_123090655	pbp4
HEA2867076	WP_123090655	pbp4
HEA3111536	WP_123090655	pbp4
HEA2830937	WP_123090655	pbp4
HEA3039778	WP_123090655	pbp4
HEA2927481	WP_123090655	pbp4
HEA2917249	WP_123090655	pbp4
HEB0098924	WP_123090655	pbp4
HEE9782222	WP_123090655	pbp4
HEE2138531	WP_123090655	pbp4
HEE1549542	WP_123090655	pbp4
HEE1542958	WP_123090655	pbp4
HEH3589696	WP_123090655	pbp4
HEH3514863	WP_123090655	pbp4
HEH3415416	WP_123090655	pbp4
HEH3331684	WP_123090655	pbp4
HEH3359701	WP_123090655	pbp4
HEH1045893	WP_123090655	pbp4
HEH2969503	WP_123090655	pbp4
HEH2997547	WP_123090655	pbp4
HEH0864797	WP_123090655	pbp4
HEH2994740	WP_123090655	pbp4
HEH0862526	WP_123090655	pbp4
HEH2948490	WP_123090655	pbp4
HEH2926327	WP_123090655	pbp4
HEH0839598	WP_123090655	pbp4
HEH2837606	WP_123090655	pbp4
HEH2765797	WP_123090655	pbp4
HEH2759309	WP_123090655	pbp4
HEG8743324	WP_123090655	pbp4
HEH0744021	WP_123090655	pbp4
HEH2607619	WP_123090655	pbp4
HEH2604986	WP_123090655	pbp4
HEH2552936	WP_123090655	pbp4
HEH0717082	WP_123090655	pbp4
HEG9162443	WP_123090655	pbp4
HEH2538687	WP_123090655	pbp4
HEH0678850	WP_123090655	pbp4
HEH2395640	WP_123090655	pbp4
HEH2368852	WP_123090655	pbp4
HEG9111371	WP_123090655	pbp4
HEH2376806	WP_123090655	pbp4
HEH2340768	WP_123090655	pbp4
HEH0638787	WP_123090655	pbp4
HEH2330111	WP_123090655	pbp4
HEG9981653	WP_123090655	pbp4
HEH2213426	WP_123090655	pbp4
HEH3745923	WP_123090655	pbp4
HEH2201733	WP_123090655	pbp4
HEG8941175	WP_123090655	pbp4
HEH0618108	WP_123090655	pbp4
HEH0601785	WP_123090655	pbp4
HEG9753348	WP_123090655	pbp4
HEG9739992	WP_123090655	pbp4
HEG9742728	WP_123090655	pbp4
HEH0545932	WP_123090655	pbp4
HEG9748375	WP_123090655	pbp4
HEG8858396	WP_123090655	pbp4
HEH0555697	WP_123090655	pbp4
HEG9948786	WP_123090655	pbp4
HEH2028897	WP_123090655	pbp4
HEG9678331	WP_123090655	pbp4
HEH2025399	WP_123090655	pbp4
HEH2031869	WP_123090655	pbp4
HEG8825341	WP_123090655	pbp4
HEG8822564	WP_123090655	pbp4
HEH2044813	WP_123090655	pbp4
HEG8840519	WP_123090655	pbp4
HEH0499900	WP_123090655	pbp4
HEH0477827	WP_123090655	pbp4
EMB4606699	WP_123090655	pbp4
